url,wayback_url,similarity,timestamp
https://www.theatlantic.com/national/archive/2018/08/the-lessons-of-the-seattle-plane-crash/567359/,http://web.archive.org/web/20180813113659/https://www.theatlantic.com/national/archive/2018/08/the-lessons-of-the-seattle-plane-crash/567359/,0.9991863131807637,20180813030607
http://news.com.com/Attack+of+Comcast%27s+Internet+zombies/2010-1034_3-5218178.html?part=rss&tag=feed&subj=news,http://web.archive.org/web/20040803113729/http://news.com.com:80/Attack+of+Comcast%27s+Internet+zombies/2010-1034_3-5218178.html?part=rss&tag=feed&subj=news,0.3758444506203435,20040612081045
http://www.fiercewireless.com/tech/story/google-seeks-proposals-internet-things-research-expedition/2014-12-14,http://web.archive.org/web/20150608064702/http://www.fiercewireless.com/tech/story/google-seeks-proposals-internet-things-research-expedition/2014-12-14,0.9733739591837977,20150608064702
http://www.nytimes.com/2004/09/02/politics/campaign/02protest.html,http://web.archive.org/web/20150528014741/http://www.nytimes.com/2004/09/02/politics/campaign/02protest.html,0.9480046468115759,20140721134003
http://www.darkreading.com/shared/printableArticle.jhtml?articleID=217801293,http://web.archive.org/web/20090625085112/http://www.darkreading.com:80/shared/printableArticle.jhtml?articleID=217801293,0.0,20090625085112
http://www.dailykos.com/story/2004/10/21/225410/61,http://web.archive.org/web/20081119225702/http://www.dailykos.com/story/2004/10/21/225410/61,0.896473165058355,20081119225702
http://www.igive.com/,http://web.archive.org/web/20080828083249/http://igive.com/,0.375122407503119,20080828083249
http://www.theregister.co.uk/2008/10/15/neutrality_in_europe_analysis/print.html,http://web.archive.org/web/20121106232025/http://www.theregister.co.uk/2008/10/15/neutrality_in_europe_analysis/print.html,1.0000000000000007,20120205172039
"http://www.courant.com/about/hc-privacy,0,5196586.htmlstory","http://web.archive.org/web/20140904192609/http://www.courant.com/about/hc-privacy,0,5196586.htmlstory",0.979088163757467,20140904192609
http://www.schaerer.com/content-n51-sE.html,http://web.archive.org/web/20131029232838/http://www.schaerer.com/content-n51-sE.html,0.46656501731499334,20080926081944
http://www.effi.org/blog/2009-04-09-EVoting-Supreme-Admin-Court.html,http://web.archive.org/web/20160605202416/https://effi.org/blog/2009-04-09-EVoting-Supreme-Admin-Court.html,0.9999999999999992,20160605202416
http://www.google.com/gmail/help/privacy.html,http://web.archive.org/web/20051113215657/http://www.google.com/gmail/help/privacy.html,0.8639446320254268,20050220033847
https://firstlook.org/theintercept/2014/09/28/u-s-officials-invented-terror-group-justify-bombing-syria/,http://web.archive.org/web/20150812182520/https://firstlook.org/theintercept/2014/09/28/u-s-officials-invented-terror-group-justify-bombing-syria/,0.9983444551178793,20150328010829
http://arstechnica.com/security/2013/09/stop-using-nsa-influence-code-in-our-product-rsa-tells-customers/,http://web.archive.org/web/20170607180532/https://arstechnica.com/security/2013/09/stop-using-nsa-influence-code-in-our-product-rsa-tells-customers/,0.9978849038815137,20160523150644
http://maccentral.macworld.com/news/2004/06/02/toshiba/index.php,http://web.archive.org/web/20040603123954/http://maccentral.macworld.com:80/news/2004/06/02/toshiba/index.php,0.9954913975540568,20040603123954
https://electology.org/approval-voting,http://web.archive.org/web/20181210213752/https://www.electology.org/approval-voting,0.9924931752870375,20181210213752
http://annatopia.com/home.html,http://web.archive.org/web/20140817103228/http://annatopia.com:80/home.html,0.5415687522568576,20041102055204
http://www.itworld.com/cloud-computing/429166/why-many-programmers-don-t-bother-joining-acm,http://web.archive.org/web/20140804025036/http://www.itworld.com:80/cloud-computing/429166/why-many-programmers-don-t-bother-joining-acm,0.9908828169631511,20140802182509
http://www.reed.com/blog-dpr/?p=132,http://web.archive.org/web/20180224234603/http://www.reed.com:80/blog-dpr/?p=132,0.32220209349169204,20180224234603
http://code.google.com/speed/public-dns/docs/using.html,http://web.archive.org/web/20120314010328/http://code.google.com:80/speed/public-dns/docs/using.html,0.8856093595702599,20120314010328
https://www.csoonline.com/article/3267625/security/want-to-hack-a-voting-machine-hack-the-voting-machine-vendor-first.html,http://web.archive.org/web/20190219025850/https://www.csoonline.com/article/3267625/security/want-to-hack-a-voting-machine-hack-the-voting-machine-vendor-first.html,0.9996877283778969,20180927031415
http://www.dailydot.com/politics/anonymous-lulzxmas-passwords-credit-cards/,http://web.archive.org/web/20160628120455/http://www.dailydot.com:80/politics/anonymous-lulzxmas-passwords-credit-cards/,0.9885546756548359,20160423045435
"http://www.latimes.com/features/health/medicine/la-fg-philippines-transcribe19-2009apr19,0,902588.story","http://web.archive.org/web/20090422055833/http://www.latimes.com:80/features/health/medicine/la-fg-philippines-transcribe19-2009apr19,0,902588.story",0.942148921778784,20090422055047
http://www.futureoftheinternet.org/,http://web.archive.org/web/20190822004058/http://futureoftheinternet.org/,1.0000000000000007,20190908061652
http://ptech.wsj.com/archive/report-200408.html,http://web.archive.org/web/20070223010319/http://ptech.wsj.com:80/archive/report-200408.html,0.36133982771146445,20070223010319
http://www.lawlists.net/cyberia,http://web.archive.org/web/20170421113241/http://www.lawlists.net/cyberia/,0,20170421113241
https://asia.nikkei.com/Business/Markets/Merrill-Lynch-login-glitch-behind-Tokyo-Stock-Exchange-snafu,http://web.archive.org/web/20181011011818/https://asia.nikkei.com/Business/Markets/Merrill-Lynch-login-glitch-behind-Tokyo-Stock-Exchange-snafu,0.9731679006042041,20181011011818
http://www.cisco.com/go/netflow,http://web.archive.org/web/20080705225102/http://cisco.com/go/netflow,0.611892649975989,20061206010010
http://recode.net/2014/02/11/netflix-says-verizon-isnt-slowing-down-its-streams/,http://web.archive.org/web/20160330052023/http://recode.net:80/2014/02/11/netflix-says-verizon-isnt-slowing-down-its-streams/,0.9112201228494514,20160330052023
http://csis.org/event/us-cyber-challenge-can-we-catch,http://web.archive.org/web/20130806133742/http://csis.org:80/event/us-cyber-challenge-can-we-catch,1.0,20100420071325
http://the-japan-news.com/news/article/0004451987,http://web.archive.org/web/20180531182525/http://the-japan-news.com/news/article/0004451987,0.4018071396929054,20180531182525
http://www.technorati.com/tag/WalledGardens,http://web.archive.org/web/20090215195023/http://technorati.com/tag//WalledGardens,0.0,20090215195023
http://www.christopher-parsons.com/blog/politics/iran-traffic-analysis-and-deep-packet-inspection/,http://web.archive.org/web/20121227223617/http://www.christopher-parsons.com:80/blog/politics/iran-traffic-analysis-and-deep-packet-inspection/,0.9909547937825606,20121227223617
http://www.release1-0.com/refer.cfm,http://web.archive.org/web/20041214140848/http://www.release1-0.com:80/refer.cfm,0,20041214140848
http://www.politico.com/magazine/story/2014/03/new-cold-war-russia-104954.html#.VJ7Ej__ow,http://web.archive.org/web/20150726205751/http://www.politico.com/magazine/story/2014/03/new-cold-war-russia-104954.html,0.9987471529617622,20150726205751
http://www.cbo.gov/showdoc.cfm?index=5738&sequence=0,http://web.archive.org/web/20070509090226/http://www.cbo.gov/showdoc.cfm?index=5738&sequence=0,0.5309200134871227,20070509090226
http://www.uscourts.gov/Statistics/WiretapReports/wiretap-report-2013.aspx#sa4,http://web.archive.org/web/20150429023108/http://www.uscourts.gov:80/Statistics/WiretapReports/wiretap-report-2013.aspx,0.991012484168449,20150429023108
http://policyblog.verizon.com/BlogPost/674/IvanSeidenbergsCommentsattheSupercommConference.aspx,http://web.archive.org/web/20091122085115/http://policyblog.verizon.com:80/BlogPost/674/IvanSeidenbergsCommentsattheSupercommConference.aspx,0.0,20091122085115
http://physicsweb.org/article/news/8/8/13,http://web.archive.org/web/20081204203943/http://physicsweb.org/article/news/8/8/13,0.5788890733386461,20040829205813
http://www.independent.co.uk/,http://web.archive.org/web/20190901223247/https://www.independent.co.uk/,0.23913270076556858,20190913225328
http://egg999.org/,http://web.archive.org/web/20150221065731/http://www.egg999.org/,0.0,20140519212242
http://news.ft.com/cms/s/6a769a80-0da8-11d9-a3e1-00000e2511c8.html,http://web.archive.org/web/20051101120227/http://news.ft.com:80/cms/s/6a769a80-0da8-11d9-a3e1-00000e2511c8.html,0.0,20051101120227
http://readmyday.co.uk/blogs/,http://web.archive.org/web/20051210164020/http://www.readmyday.co.uk:80/blogs/,0.0,20050507153754
https://blog.twitter.com/2014/taking-the-fight-for-transparency-to-court,http://web.archive.org/web/20170518172320/https://blog.twitter.com/2014/taking-the-fight-for-transparency-to-court,1.0,20151012043021
http://recode.net/2014/11/10/president-obama-backs-title-ii-for-net-neutrality-in-big-win-for-activists/,http://web.archive.org/web/20160304150033/http://recode.net/2014/11/10/president-obama-backs-title-ii-for-net-neutrality-in-big-win-for-activists/,0.9972167447229376,20150119012230
http://topics.nytimes.com/top/reference/timestopics/people/s/david_e_sanger/index.html?inline=nyt-per,http://web.archive.org/web/20160810014325/http://topics.nytimes.com/top/reference/timestopics/people/s/david_e_sanger/index.html?inline=nyt-per,0.8365896409096378,20160408133302
http://www.google.com/apps/intl/en/terms/sla.html,http://web.archive.org/web/20160926015117/https://www.google.com/apps/intl/en/terms/sla.html,0.7944215877013463,20160402180724
http://www4.law.cornell.edu/uscode/47/230.html,http://web.archive.org/web/20120210181805/http://www.law.cornell.edu:80/uscode/47/230.html,0.8799241320166371,20110622101708
http://news.bbc.co.uk/1/hi/technology/3545839.stm,http://web.archive.org/web/20080111061921/http://news.bbc.co.uk:80/1/hi/technology/3545839.stm,0,20080111061921
"http://www.pcmag.com/article2/0,1759,1624914,00.asp","http://web.archive.org/web/20050902143900/http://www.pcmag.com:80/article2/0,1759,1624914,00.asp",0.941543840788197,20041010105400
https://www.eff.org/join,http://web.archive.org/web/20020220105612/http://www.eff.org:80/join/,0.30666848671714325,19990224020754
http://www.nature.com/nature/journal/vaop/ncurrent/abs/nature08121.html,http://web.archive.org/web/20090805010043/http://www.nature.com:80/nature/journal/vaop/ncurrent/abs/nature08121.html,0.7293848461105588,20090705094339
https://pressfreedomfoundation.org/blog/2014/01/sen-schumer-wrong-snowden-would-be-barred-arguing-his-case-trial,http://web.archive.org/web/20140720012821/https://pressfreedomfoundation.org/blog/2014/01/sen-schumer-wrong-snowden-would-be-barred-arguing-his-case-trial,1.0,20140404151801
http://www.fiercewireless.com/tech/story/att-system-would-restrict-content-access-charge-fees-prevent-bandwidth-abus/2014-02-03#ixzz2sHh37Z2P,http://web.archive.org/web/20160313132239/http://www.fiercewireless.com/tech/story/att-system-would-restrict-content-access-charge-fees-prevent-bandwidth-abus/2014-02-03,0.9919689916432087,20140312040939
https://code.google.com/p/end-to-end/,http://web.archive.org/web/20141205144553/https://code.google.com/p/end-to-end/,0.0,20141205144553
http://news.com.com/2010-1028-5256334.html,http://web.archive.org/web/20070813095429/http://news.com.com:80/2010-1028-5256334.html,0.4390099227194613,20060708165244
http://www.slate.com/articles/technology/future_tense/2013/05/google_glass_privacy_it_s_actually_the_world_s_worst_surveillance_device.html,http://web.archive.org/web/20170614195409/http://www.slate.com/articles/technology/future_tense/2013/05/google_glass_privacy_it_s_actually_the_world_s_worst_surveillance_device.html,0.9960444554206902,20150712071732
"http://www.latimes.com/features/lifestyle/la-ig-photoshop2-2009aug02,0,3129812.story","http://web.archive.org/web/20111121091243/http://www.latimes.com/features/lifestyle/la-ig-photoshop2-2009aug02,0,3129812.story",0.9426038516250737,20111121091243
http://topics.nytimes.com/top/reference/timestopics/people/o/barack_obama/index.html?inline=nyt-per,http://web.archive.org/web/20151020011246/http://topics.nytimes.com/top/reference/timestopics/people/o/barack_obama/index.html?inline=nyt-per,0.0,20150406060620
http://www.wired.co.uk/news/archive/2014-03/18/us-internationalise-internet,http://web.archive.org/web/20160319064047/http://www.wired.co.uk/news/archive/2014-03/18/us-internationalise-internet,0.9526058288145928,20140522144912
http://www.npr.org/blogs/alltechconsidered/2009/11/the_mysterious_disappearance_o.html,http://web.archive.org/web/20150506101858/http://www.npr.org/blogs/alltechconsidered/2009/11/the_mysterious_disappearance_o.html,0.9981362979299077,20121001080152
http://news.bbc.co.uk/1/hi/business/4035257.stm,http://web.archive.org/web/20080303105527/http://news.bbc.co.uk:80/1/hi/business/4035257.stm,0,20080303105527
http://telephonyonline.com/residential_services/news/comcast-congestion-0123/index.html,http://web.archive.org/web/20100105112300/http://telephonyonline.com:80/residential_services/news/comcast-congestion-0123/index.html,0.22264334926762483,20100105112300
http://arstechnica.com/security/2014/01/nsa-employee-will-continue-to-co-chair-influential-crypto-standards-group/,http://web.archive.org/web/20160325082401/http://arstechnica.com/security/2014/01/nsa-employee-will-continue-to-co-chair-influential-crypto-standards-group/,0.9898786611216692,20160325082401
https://edit.yahoo.com/config/delete_user,http://web.archive.org/web/20060203235848/https://edit.yahoo.com/config/delete_user,0.0,20060203235848
http://www.nbc4.com/news/3611999/detail.html,http://web.archive.org/web/20090107141912/http://www.nbc4.com/news/3611999/detail.html,0.0,20071102115424
http://blogs.scientificamerican.com/cross-check/2014/02/20/what-should-we-teach-when-we-teach-science-communication/,http://web.archive.org/web/20150422055053/http://blogs.scientificamerican.com:80/cross-check/2014/02/20/what-should-we-teach-when-we-teach-science-communication/,0.9265783192526945,20150422055053
http://www.theguardian.com/world/the-nsa-files,http://web.archive.org/web/20141003122712/http://www.theguardian.com/world/the-nsa-files,0.5790668327587726,20140926020959
http://isaac.exploratorium.edu/%7Epauld/physics/relativity/relativitytimefly.htm,http://web.archive.org/web/20100613140345/http://isaac.exploratorium.edu/~pauld/physics/relativity/relativitytimefly.htm,1.0000000000000002,20060913102910
http://arstechnica.com/business/2014/04/state-laws-that-ban-municipal-internet-will-be-invalidated-fcc-chair-says/,http://web.archive.org/web/20170106164747/http://arstechnica.com/business/2014/04/state-laws-that-ban-municipal-internet-will-be-invalidated-fcc-chair-says/,0.9828316653360868,20150908215157
http://business.time.com/2014/02/19/net-neutrality-fcc-rules/,http://web.archive.org/web/20140305033441/http://business.time.com:80/2014/02/19/net-neutrality-fcc-rules/,0.5528773696947474,20140219200207
http://news.com.com/2010-1014_3-5209091.html,http://web.archive.org/web/20080905082818/http://news.com.com/2010-1014_3-5209091.html,0.47912501902303994,20080905082818
https://firstlook.org/theintercept/2014/07/25/nsas-new-partner-spying-saudi-arabias-brutal-state-police/,http://web.archive.org/web/20150810234702/https://firstlook.org/theintercept/2014/07/25/nsas-new-partner-spying-saudi-arabias-brutal-state-police/,0.9827951789137026,20150712093533
http://gizmodo.com/5367420/google-threatens-cyanogen-android-hacker-with-cease+and+desist,http://web.archive.org/web/20140208002916/http://gizmodo.com/5367420/google-threatens-cyanogen-android-hacker-with-cease+and+desist,1.0000000000000002,20140208002916
http://online.wsj.com/article/SB125850641299752981.html,http://web.archive.org/web/20121109221321/http://online.wsj.com/article/SB125850641299752981.html,0.6921926809971625,20121109221321
http://billmoyers.com/episode/full-show-neil-degrasse-tyson-on-the-new-cosmos/,http://web.archive.org/web/20150510174058/http://billmoyers.com:80/episode/full-show-neil-degrasse-tyson-on-the-new-cosmos/,0.934080443064628,20140722044752
http://www.oecd.org/sti/broadband/oecdbroadbandportal.htm?_ga=1.216802142.912910685.1408722399,http://web.archive.org/web/20140831001259/http://www.oecd.org:80/sti/broadband/oecdbroadbandportal.htm?_ga=1.216802142.912910685.1408722399,0.24255702980263893,20140831001259
http://frankston.com/public/?name=ipBPL,http://web.archive.org/web/20160513105246/http://www.frankston.com/public/?name=ipBPL,0.0,20120714095321
https://www.britannica.com/event/Russian-Revolution-of-1917,http://web.archive.org/web/20190402212508/https://www.britannica.com/event/Russian-Revolution-of-1917,0.992345922865324,20190402212508
http://www.techpolicydaily.com/communications/shifting-alliances-itu/,http://web.archive.org/web/20160319165343/http://www.techpolicydaily.com/communications/shifting-alliances-itu/,0.0,20150328215257
http://www.wired.com/threatlevel/2009/12/yahoo-spy-prices?utm_source=feedburner&utm_medium=feed&utm_campaign=Feed:+wired/index+,http://web.archive.org/web/20100622073019/http://www.wired.com:80/threatlevel/2009/12/yahoo-spy-prices?utm_source=feedburner&utm_medium=feed&utm_campaign=Feed:+wired/index+,0.868354330511105,20100217171236
http://www.fierceenterprisecommunications.com/story/fcc-chair-swallow-commercially-acceptable-or-ill-sic-title-ii-you/2014-04-30,http://web.archive.org/web/20160425114024/http://www.fierceenterprisecommunications.com/story/fcc-chair-swallow-commercially-acceptable-or-ill-sic-title-ii-you/2014-04-30,0.40212271398467514,20140928092638
http://finance.lycos.com/qc/news/story.aspx?story=200411150144_APO_V5198,http://web.archive.org/web/20041117143155/http://finance.lycos.com:80/qc/news/story.aspx?story=200411150144_APO_V5198,0.0,20041117143155
https://www.apple.com/news/,http://web.archive.org/web/20190321225855/https://www.apple.com/news/,0.7600367636767884,20190321225855
http://writ.news.findlaw.com/commentary/20020509_sprigman.html,http://web.archive.org/web/20160428220751/http://writ.news.findlaw.com/commentary/20020509_sprigman.html,0.49405212591235936,20070912171141
http://www.technorati.com/tag/Freedom,http://web.archive.org/web/20140829085844/http://technorati.com/tag/freedom,0.0,20130306001032
https://www.commondreams.org/headline/2014/02/24-4,http://web.archive.org/web/20140508115022/http://www.commondreams.org:80/headline/2014/02/24-4,0.9483013928447668,20140405114851
http://www.msnbc.msn.com/id/30198977/,http://web.archive.org/web/20130120062536/http://www.msnbc.msn.com/id/30198977/,0.0,20120501075341
http://www.scribd.com/doc/250250989/Comms-Act-and-DMCA-Safe-Harbor#scribd_______________________________________________,http://web.archive.org/web/20160405044830/https://www.scribd.com/doc/250250989/Comms-Act-and-DMCA-Safe-Harbor,0.9861105798526568,20151111161305
http://online.wsj.com/article/SB124932480886002237.html?mod=googlenews_wsj,http://web.archive.org/web/20111224110141/http://online.wsj.com/article/SB124932480886002237.html?mod=googlenews_wsj,0.6889795227579166,20110126024843
http://www.faz.net/s/RubD16E1F55D21144C4AE3F9DDF52B6E1D9/Doc~E7C493B1784EB4AC69A7DEE6B69F6C768~ATpl~Ecommon~Scontent.html,http://web.archive.org/web/20100310151405/http://www.faz.net:80/s/RubD16E1F55D21144C4AE3F9DDF52B6E1D9/Doc~E7C493B1784EB4AC69A7DEE6B69F6C768~ATpl~Ecommon~Scontent.html,0,20100310151405
http://therealnews.com/t2/index.php?option=com_content&task=view&id=31&Itemid=74&jumival=11458,http://web.archive.org/web/20171019203124/http://therealnews.com/t2/index.php?option=com_content&task=view&id=31&Itemid=74&jumival=11458,0.5808375472089754,20150822035151
http://www.defensetech.org/,http://web.archive.org/web/20171208112532/https://www.defensetech.org/,0.0,20170917164324
http://ideas.live.com/programpage.aspx?versionId=5d21c51a-b161-4314-9b0e-4911fb2b2e6d,http://web.archive.org/web/20070207055033/http://ideas.live.com:80/programpage.aspx?versionId=5d21c51a-b161-4314-9b0e-4911fb2b2e6d,0.0,20070207055033
https://www.internetsociety.org/doc/itu-plenipotentiary-2014-outcomes,http://web.archive.org/web/20160407070630/http://www.internetsociety.org/doc/itu-plenipotentiary-2014-outcomes,0.9998790701492007,20160102074217
http://zdnet.com.com/2102-1105_2-5236233.html?tag=printthis,http://web.archive.org/web/20040803062429/http://zdnet.com.com:80/2102-1105_2-5236233.html?tag=printthis,0.0,20040801022848
http://www.robtex.com/dns/ns62.worldnic.com.html,http://web.archive.org/web/20120725114453/http://www.robtex.com:80/dns/ns62.worldnic.com.html,0,20120725114453
http://www.chiark.greenend.org.uk/%7Esgtatham/putty/,http://web.archive.org/web/20190901181142/https://www.chiark.greenend.org.uk/~sgtatham/putty/,1.0000000000000002,20190903185324
http://www.theregister.co.uk/2004/05/28/,http://web.archive.org/web/20121102180016/http://www.theregister.co.uk/2004/05/28/,0.0,20081012130824
http://www.ft.com/cms/s/0/5d5aa24e-23a4-11de-996a-00144feabdc0.html,http://web.archive.org/web/20160619211716/http://www.ft.com:80/cms/s/0/5d5aa24e-23a4-11de-996a-00144feabdc0.html,0.0,20120326160545
http://arstechnica.com/business/2014/10/fcc-reportedly-close-to-reclassifying-isps-as-common-carriers/,http://web.archive.org/web/20160813164735/http://arstechnica.com/business/2014/10/fcc-reportedly-close-to-reclassifying-isps-as-common-carriers/,0.9912798861764741,20160813164735
http://www.washingtontimes.com/national/20040727-103447-4298r.htm,http://web.archive.org/web/20060824141543/http://www.washingtontimes.com:80/national/20040727-103447-4298r.htm,0.9910102470314093,20051110180930
http://www.eff.org/osp,http://web.archive.org/web/20080724100601/http://eff.org/osp/,0.9503176655037616,20080724100601
http://www.cio.com/article/494553/T_Mobile_Confirms_Stolen_Data_is_Genuine,http://web.archive.org/web/20090612032006/http://www.cio.com:80/article/494553/T_Mobile_Confirms_Stolen_Data_is_Genuine,0.98136171364472,20090612032006
http://news.com.com//2040-1096_3-0.html?tag=byline,http://web.archive.org/web/20060313151244/http://news.com.com/2040-1096_3-0.html?tag=byline,0.14785574445703697,20040708073451
http://siliconangle.com/blog/2014/09/22/satya-nadellas-cutbacks-reach-microsofts-silicon-valley-brainiac-hub/,http://web.archive.org/web/20140924081504/http://siliconangle.com/blog/2014/09/22/satya-nadellas-cutbacks-reach-microsofts-silicon-valley-brainiac-hub/,0.9366612359502741,20140924081504
http://www.reuters.com/article/2014/03/03/us-cybersecurity-governments-idUSBREA2228K20140303,http://web.archive.org/web/20150805073619/http://www.reuters.com/article/2014/03/03/us-cybersecurity-governments-idUSBREA2228K20140303,0.9994049103494987,20150805073619
https://www.csoonline.com/article/3222068/hacking/465000-abbott-pacemakers-vulnerable-to-hacking-need-a-firmware-fix.html,http://web.archive.org/web/20190223224639/https://www.csoonline.com/article/3222068/hacking/465000-abbott-pacemakers-vulnerable-to-hacking-need-a-firmware-fix.html,0.9935751011600102,20180605033530
http://online.wsj.com/article/SB10001424052970204556804574261940842372518.html,http://web.archive.org/web/20130509043650/http://online.wsj.com/article/SB10001424052970204556804574261940842372518.html,0.49314186930878756,20110430021614
http://online.wsj.com/article/SB125314088285517643.html,http://web.archive.org/web/20131007044237/http://online.wsj.com/article/SB125314088285517643.html,0.5578051654353329,20120427022734
http://telephonyonline.com/3g4g/news/wireless-future-road-block-1008/,http://web.archive.org/web/20091215020801/http://telephonyonline.com:80/3g4g/news/wireless-future-road-block-1008/,0.2254493923847188,20091215020801
http://www.cbsnews.com/stories/2009/08/29/cbsnews_investigates/main5273636.shtml,http://web.archive.org/web/20130523152036/http://www.cbsnews.com/stories/2009/08/29/cbsnews_investigates/main5273636.shtml,0.949031538108917,20091229023344
http://uk.reuters.com/article/marketsNewsUS/idUKN1129237820090112,http://web.archive.org/web/20090311072101/http://uk.reuters.com:80/article/marketsNewsUS/idUKN1129237820090112,0.8456521903414347,20090311072101
http://www.acm.org/awards/taward.html,http://web.archive.org/web/20070713162129/http://acm.org:80/awards/taward.html,0.5590140281283524,20030411081907
http://www.economist.com/news/special-report/21621237-digital-revolution-has-yet-fulfil-its-promise-higher-productivity-and-better,http://web.archive.org/web/20180119224532/https://www.economist.com/news/special-report/21621237-digital-revolution-has-yet-fulfil-its-promise-higher-productivity-and-better,0.8090220832410652,20160404131539
http://abcnews.go.com/Business/wireStory?id=337620,http://web.archive.org/web/20050920081507/http://abcnews.go.com:80/Business/wireStory?id=337620,0.0,20050605073923
http://blogs.scientificamerican.com/cross-check/2013/02/16/why-drones-should-make-you-afraid-very-afraid/,http://web.archive.org/web/20150417113133/http://blogs.scientificamerican.com:80/cross-check/2013/02/16/why-drones-should-make-you-afraid-very-afraid/,0.9437532722423222,20140331145031
http://www.aclu.org/SafeandFree/SafeandFree.cfm?ID=14452&c=207,http://web.archive.org/web/20051119090242/http://www.aclu.org/SafeandFree/SafeandFree.cfm?ID=14452&c=207,0.0,20040820102904
http://www.theguardian.com/world/obama-administration,http://web.archive.org/web/20141004055846/http://www.theguardian.com/world/obama-administration,0.0,20140925201439
http://online.wsj.com/article/SB125053669921337753.html,http://web.archive.org/web/20130126185527/http://online.wsj.com/article/SB125053669921337753.html,0.9691490840023135,20091130223039
http://www.unifrance.org/actualites/5278/2008-annee-record-pour-le-cinema-francais-a-l-international,http://web.archive.org/web/20160328165649/http://www.unifrance.org/actualites/5278/2008-annee-record-pour-le-cinema-francais-a-l-international,0,20150914201956
https://neocities.org/blog/the-fcc-is-now-rate-limited,http://web.archive.org/web/20150510215921/https://neocities.org/blog/the-fcc-is-now-rate-limited,1.0000000000000147,20150510215921
http://www.wired.com/politics/security/commentary/securitymatters/2008/06/securitymatters_0612,http://web.archive.org/web/20140317003846/http://www.wired.com:80/politics/security/commentary/securitymatters/2008/06/securitymatters_0612?,0.9382274567613148,20140317003846
http://biz.yahoo.com/iw/041026/074896.html,http://web.archive.org/web/20050405032714/http://biz.yahoo.com:80/iw/041026/074896.html,0.47518857028426625,20050405032714
http://www.jacobrosenberg.com/2014/02/24/cdn-games/,http://web.archive.org/web/20160316170254/http://www.jacobrosenberg.com/2014/02/24/cdn-games/,0.9999999999999992,20160316170254
http://www.oracle.com/,http://web.archive.org/web/20090627225350/http://www.oracle.com/,0,20071014002314
http://www.benedelman.org/news/112904-1.html,http://web.archive.org/web/20180220134239/http://www.benedelman.org/news/112904-1.html,0.9980125808402364,20140725141353
http://www.techworld.com/mobility/news/index.cfm?NewsID=2180,http://web.archive.org/web/20080920081114/http://www.techworld.com:80/mobility/news/index.cfm?NewsID=2180,0.9999999999999888,20051130040104
http://www.msnbc.msn.com/id/6542347/site/newsweek/,http://web.archive.org/web/20080905175147/http://www.msnbc.msn.com/id/6542347/site/newsweek,0.0,20051222051718
http://www.nytimes.com/2004/08/23/opinion/23herbert.html,http://web.archive.org/web/20141227210209/http://www.nytimes.com:80/2004/08/23/opinion/23herbert.html,0.9960817068114036,20141227210209
http://www.muniwireless.com/archives/000528.html,http://web.archive.org/web/20061210153757/http://www.muniwireless.com:80/archives/000528.html,0.9825969435353122,20050318083902
http://yro.slashdot.org/yro/04/08/20/221230.shtml?tid=155&tid=172,http://web.archive.org/web/20050507033607/http://yro.slashdot.org:80/yro/04/08/20/221230.shtml?tid=155&tid=172,0.9980516592133678,20050315154252
http://www.huffingtonpost.com/bruce-kushnick/2014-the-end-game-in-tele_b_4533510.html,http://web.archive.org/web/20181004034935/https://www.huffingtonpost.com/bruce-kushnick/2014-the-end-game-in-tele_b_4533510.html,0.999184271944264,20150918184643
http://www.atug.com.au/all_cal_events.cfm,http://web.archive.org/web/20110821161913/http://www.atug.com.au/all_cal_events.cfm,0,20110821161913
http://www.allheadlinenews.com/articles/7015178654,http://web.archive.org/web/20120118172653/http://www.allheadlinenews.com/articles/7015178654,0.0,20120118172653
"http://www.pcmag.com/article2/0,2817,2455435,00.asp","http://web.archive.org/web/20170706210217/http://www.pcmag.com:80/article2/0,2817,2455435,00.asp",0.9890941577089118,20170310001541
http://www.weforum.org/community/global-agenda-councils,http://web.archive.org/web/20151230232741/http://www.weforum.org:80/community/global-agenda-councils,0.76929725288977,20151230232741
http://blogs.scientificamerican.com/cross-check/2012/11/12/should-scientists-and-engineers-resist-taking-military-money/,http://web.archive.org/web/20140331145052/http://blogs.scientificamerican.com/cross-check/2012/11/12/should-scientists-and-engineers-resist-taking-military-money/,0.9924696676726774,20140331145052
http://news.com.com/2100-1029-995229.html,http://web.archive.org/web/20070223050615/http://news.com.com:80/2100-1029-995229.html,0.3431439088080656,20070223050615
http://knowledge.wharton.upenn.edu/article/976.cfm,http://web.archive.org/web/20080517083631/http://knowledge.wharton.upenn.edu/article/976.cfm,0.9976454459380584,20080517083631
http://www.buzzmachine.com/archives/2004_11_15.html#008481,http://web.archive.org/web/20120204044717/http://www.buzzmachine.com/archives/2004_11_15.html,0.9911977047538894,20080127192307
http://news.com.com/2100-1032-5368454.html,http://web.archive.org/web/20070810203111/http://news.com.com:80/2100-1032-5368454.html,0.49483086048298164,20051228194735
http://www.technorati.com/tag/MainStreamMedia,http://web.archive.org/web/20111108081651/http://technorati.com/tag/mainstreammedia,0.0,20060216084004
http://reason.org/news/show/air-traffic-control-reform-news-110#b,http://web.archive.org/web/20171101232339/http://reason.org:80/news/show/air-traffic-control-reform-news-110,1.0000000000000009,20171101232339
http://www.cbsnews.com/stories/2009/01/08/60minutes/main4707770.shtml,http://web.archive.org/web/20131009195003/http://www.cbsnews.com/stories/2009/01/08/60minutes/main4707770.shtml,0.9386839723787759,20110811211016
http://www.eset.com/,http://web.archive.org/web/20190901021415/https://www.eset.com/,0,20190921200136
http://reason.com/archives/2014/04/26/living-with-inequality,http://web.archive.org/web/20190117001239/http://reason.com/archives/2014/04/26/living-with-inequality,0.9993685823386451,20160323161610
http://bos.sagepub.com/content/70/2/36.full,http://web.archive.org/web/20151116134733/http://bos.sagepub.com:80/content/70/2/36.full,0.9975077024432675,20140508175703
http://www.nytimes.com/2004/06/09/technology/09net.html,http://web.archive.org/web/20150919082910/http://www.nytimes.com/2004/06/09/technology/09net.html,0.9463606419437598,20130220074727
http://news.bbc.co.uk/1/hi/world/asia-pacific/3755154.stm,http://web.archive.org/web/20070806234204/http://news.bbc.co.uk:80/1/hi/world/asia-pacific/3755154.stm,1.0000000000000002,20061019083505
http://law.fordham.edu/newsroom/14952.htm,http://web.archive.org/web/20111211153925/https://law.fordham.edu/newsroom/14952.htm,0.2746131671036096,20111211153925
http://www.huffingtonpost.com/art-brodsky/new-fcc-appointee-could-f_b_194254.html,http://web.archive.org/web/20160924025205/http://www.huffingtonpost.com/art-brodsky/new-fcc-appointee-could-f_b_194254.html,0.9975632684623427,20160924025205
http://www.sfgate.com/cgi-bin/article.cgi?file=/g/archive/2004/12/09/gadgetgap.DTL,http://web.archive.org/web/20061018180820/http://www.sfgate.com:80/cgi-bin/article.cgi?file=/g/archive/2004/12/09/gadgetgap.DTL,0.9999999999999996,20061018180820
http://www.huffingtonpost.com/2009/09/04/unemployment-hits-97-as-e_n_277218.html,http://web.archive.org/web/20170222023637/http://www.huffingtonpost.com/2009/09/04/unemployment-hits-97-as-e_n_277218.html,0.9874211692929892,20150627154319
http://arstechnica.com/security/2014/04/how-heartbleed-transformed-https-security-into-the-stuff-of-absurdist-theater/,http://web.archive.org/web/20161207005612/http://arstechnica.com:80/security/2014/04/how-heartbleed-transformed-https-security-into-the-stuff-of-absurdist-theater/,0.9970958510518328,20161207005612
http://news.sciencemag.org/people-events/2014/03/top-u.s.-scientific-misconduct-official-quits-frustration-bureaucracy,http://web.archive.org/web/20151007045445/http://news.sciencemag.org:80/people-events/2014/03/top-u.s.-scientific-misconduct-official-quits-frustration-bureaucracy,0.9990353270694432,20150221140146
http://t.co/BBjWKQeB2d,http://web.archive.org/web/20180929005200/https://t.co/BBjWKQeB2d,0.0,20180929005200
http://www.nytimes.com/2004/10/22/business/22music.html,http://web.archive.org/web/20150528063754/http://www.nytimes.com/2004/10/22/business/22music.html,0.9910721511268185,20140710234334
http://www.wired.com/wiredenterprise/2014/03/transparency_reports/,http://web.archive.org/web/20140325054448/http://www.wired.com/wiredenterprise/2014/03/transparency_reports/,0.994412214412629,20140325054448
http://arstechnica.com/security/2014/05/infecting-dvrs-with-bitcoin-mining-malware-even-easier-you-suspected/,http://web.archive.org/web/20161027122555/http://arstechnica.com:80/security/2014/05/infecting-dvrs-with-bitcoin-mining-malware-even-easier-you-suspected/,0.9935711549125184,20161027122555
http://arstechnica.com/security/2014/08/facebook-the-security-company/,http://web.archive.org/web/20170317204622/https://arstechnica.com/security/2014/08/facebook-the-security-company/,0.9927380270249309,20170317204622
https://www.amacad.org/Default.aspx,http://web.archive.org/web/20181217043401/https://www.amacad.org/default.aspx,0.0,20181119001748
http://topics.nytimes.com/top/reference/timestopics/people/h/david_m_herszenhorn/index.html?inline=nyt-per,http://web.archive.org/web/20171212133705/http://topics.nytimes.com:80/top/reference/timestopics/people/h/david_m_herszenhorn/index.html?inline=nyt-per,0.0,20150107205958
http://www.huffingtonpost.com/2013/11/26/nsa-porn-muslims_n_4346128.html,http://web.archive.org/web/20190317150927/https://www.huffingtonpost.com/2013/11/26/nsa-porn-muslims_n_4346128.html,0.999999999999999,20190317150927
http://www.infoplease.com/ipa/A0107690.html,http://web.archive.org/web/20130517201631/http://www.infoplease.com:80/ipa/A0107690.html?,0.7959443624814956,20121026003203
http://www.technorati.com/tag/Press,http://web.archive.org/web/20140910201206/http://technorati.com/tag/press/,0.0,20131212075538
http://www.ietf.org/mail-archive/web/ietf/current/msg55392.html,http://web.archive.org/web/20090526042254/http://www.ietf.org:80/mail-archive/web/ietf/current/msg55392.html,0.9999999999999999,20090318041411
http://www.abqjournal.com/390438/news/homeland-security-a-runaway-train.html,http://web.archive.org/web/20160428004917/http://www.abqjournal.com:80/390438/news/homeland-security-a-runaway-train.html,0.9965668525485923,20160428004917
http://www.smh.com.au/articles/2004/08/02/1091432115074.html,http://web.archive.org/web/20161229040803/http://www.smh.com.au/articles/2004/08/02/1091432115074.html,0.9969590753294679,20071120020221
http://www.wi-fiplanet.com/news/article.php/3340401,http://web.archive.org/web/20100131014701/http://wi-fiplanet.com/news/article.php/3340401,0.0,20051119082923
http://cleanslate.stanford.edu/,http://web.archive.org/web/20170522053229/http://cleanslate.stanford.edu:80/,0.0,20141011062641
http://topics.nytimes.com/top/reference/timestopics/organizations/n/new_england_journal_of_medicine/index.html?inline=nyt-org,http://web.archive.org/web/20160216040059/http://topics.nytimes.com/top/reference/timestopics/organizations/n/new_england_journal_of_medicine/index.html?inline=nyt-org,0.0,20150321115746
http://www.ft.com/cms/s/0/35301d06-2eaa-11de-b7d3-00144feabdc0.html,http://web.archive.org/web/20090606022437/http://www.ft.com:80/cms/s/0/35301d06-2eaa-11de-b7d3-00144feabdc0.html,0.0,20090606022437
http://news.com.com/2100-1032-5309186.html,http://web.archive.org/web/20060709015433/http://news.com.com:80/2100-1032-5309186.html,0.22828567968387165,20051216040834
http://www.huffingtonpost.com/2014/07/15/tsa-agent-dc-license-passport_n_5588735.html?utm_hp_ref=tw,http://web.archive.org/web/20140717012523/http://www.huffingtonpost.com/2014/07/15/tsa-agent-dc-license-passport_n_5588735.html?utm_hp_ref=tw,0.5291979171392257,20140717012523
http://www.networkworld.com/article/2459286/why-tcp/why-tcp/ip-is-on-the-way-out.html,http://web.archive.org/web/20140902081419/http://www.networkworld.com/article/2459286/why-tcp/why-tcp/ip-is-on-the-way-out.html,0.9628477735156997,20140902081419
http://www.nytimes.com/2004/10/19/science/19phys.html,http://web.archive.org/web/20150528054656/http://www.nytimes.com/2004/10/19/science/19phys.html,0.946935885370248,20140907015152
http://www.nybooks.com/articles/archives/2014/nov/20/creepy-new-wave-internet/,http://web.archive.org/web/20151026192957/http://www.nybooks.com:80/articles/archives/2014/nov/20/creepy-new-wave-internet/,0.9032975041898039,20150224090726
http://www.economist.com/agenda/displayStory.cfm?story_id=3421877,http://web.archive.org/web/20080521170328/http://www.economist.com:80/agenda/displayStory.cfm?story_id=3421877,0.8448996377635645,20071112211233
http://news.com.com/2100-1034-5190830.html,http://web.archive.org/web/20051022042730/http://news.com.com/2100-1034-5190830.html,0.3614546683816022,20051022042730
http://www.lightreading.com/document.asp?doc_id=161446,http://web.archive.org/web/20090403223019/http://www.lightreading.com:80/document.asp?doc_id=161446,0.9316655459999138,20090403223019
http://www.amazon.com/exec/obidos/search-handle-url/index=books&field-,http://web.archive.org/web/20021102185545/http://www.amazon.com:80/exec/obidos/search-handle-url/index=books&field-,0.0,20011101210732
http://www.wiley.com/WileyCDA/WileyTitle/productCd-1848215371.html,http://web.archive.org/web/20161114153200/http://www.wiley.com:80/WileyCDA/WileyTitle/productCd-1848215371.html,0.46101900892242276,20160114094201
"http://www.pcmag.com/article2/0,2817,2337774,00.asp","http://web.archive.org/web/20160523025852/http://www.pcmag.com/article2/0,2817,2337774,00.asp",0.9718394104441713,20160523025852
http://www.reuters.com/article/musicNews/idUSTRE55K07E20090621,http://web.archive.org/web/20090826141859/http://www.reuters.com:80/article/musicNews/idUSTRE55K07E20090621,1.0000000000000004,20090826141859
http://www.huffingtonpost.com/art-brodsky/europeans-are-eating-our_b_200258.html,http://web.archive.org/web/20160924025203/http://www.huffingtonpost.com/art-brodsky/europeans-are-eating-our_b_200258.html,0.9991306203078066,20160913210648
http://blog.streamingmedia.com/2014/02/media-botching-coverage-netflix-comcast-deal-getting-basics-wrong.html#disqus_thread,http://web.archive.org/web/20171204091000/https://blog.streamingmedia.com/2014/02/media-botching-coverage-netflix-comcast-deal-getting-basics-wrong.html,0.6299734273466738,20150319111846
http://tech.mit.edu/V129/N20/networkmonitoring.html,http://web.archive.org/web/20170403094330/http://tech.mit.edu:80/V129/N20/networkmonitoring.html,0.9991702482541241,20130402160443
http://spectrum.ieee.org/computing/networks/osi-the-internet-that-wasnt,http://web.archive.org/web/20170801171503/http://spectrum.ieee.org/computing/networks/osi-the-internet-that-wasnt,0.9999610210962598,20170801171503
http://www.rfidjournal.com/article/articleview/523/1/2/,http://web.archive.org/web/20121210030702/http://www.rfidjournal.com/article/articleview/523/1/2/,0.9976213864224251,20121210030702
http://econlog.econlib.org/,http://web.archive.org/web/20180611124547/http://econlog.econlib.org:80/,0.5384451279392526,20180315082418
http://www.bext.com/_CGC/,http://web.archive.org/web/20080706141354/http://www.bext.com/_CGC,0.0,20060902164851
http://www.huffingtonpost.com/richard-a-clarke/obamas-challenge-in-cyber_b_199926.html?view=print,http://web.archive.org/web/20110918112719/http://www.huffingtonpost.com/richard-a-clarke/obamas-challenge-in-cyber_b_199926.html?view=print,0.9996157674727398,20110918112719
http://www.circleid.com/article/635_0_1_0_C/,http://web.archive.org/web/20080830100019/http://www.circleid.com/article/635_0_1_0_C/,0.9993167681550058,20080830100019
http://edocket.access.gpo.gov/2009/E9-24429.htm,http://web.archive.org/web/20110810103423/http://edocket.access.gpo.gov/2009/E9-24429.htm,0.9992688570703057,20110810103423
http://www.eff.org/patent/,http://web.archive.org/web/20170521120245/https://www.eff.org/patent,0.9800011077518748,20170309183444
http://www.cbsnews.com/stories/2004/11/08/opinion/main654285.shtml,http://web.archive.org/web/20131113041916/http://www.cbsnews.com/stories/2004/11/08/opinion/main654285.shtml,0.999078783721867,20100526083747
http://topics.nytimes.com/top/reference/timestopics/people/s/thom_shanker/index.html?inline=nyt-per,http://web.archive.org/web/20160810053048/http://topics.nytimes.com/top/reference/timestopics/people/s/thom_shanker/index.html?inline=nyt-per,0.4762071627111165,20130709153315
http://www.atug.com.au/general_text.cfm?section=about&id=about_atug,http://web.archive.org/web/20111003182142/http://www.atug.com.au:80/general_text.cfm?section=about&id=about_atug,0.0,20091013040111
http://www.technorati.com/tag/LawrenceLessig,http://web.archive.org/web/20140419135839/http://www.technorati.com/tag/lawrencelessig,0,20060910093450
http://www.govexec.com/email,http://web.archive.org/web/20080705055108/http://www.govexec.com/email,0.0,20071012185114
http://news.com.com/2100-1027_3-5194341.html?tag=macintouch,http://web.archive.org/web/20050205014736/http://news.com.com:80/2100-1027_3-5194341.html?tag=macintouch,0.4393445643920161,20050205014736
http://www.politico.com/story/2014/07/cellphone-unlocking-bill-obama-109390.html#.U9ZaPEtnEu0.twitter,http://web.archive.org/web/20150205053827/http://www.politico.com/story/2014/07/cellphone-unlocking-bill-obama-109390.html,0.9969325965274908,20150205053827
http://www.pcworld.com/article/168019/delicious_library_iphone_app_yanked_from_app_store.html,http://web.archive.org/web/20120720060625/http://www.pcworld.com:80/article/168019/delicious_library_iphone_app_yanked_from_app_store.html,0.9655338360386319,20100329000620
http://topics.nytimes.com/top/reference/timestopics/people/s/eric_schmitt/index.html,http://web.archive.org/web/20160814214120/http://topics.nytimes.com/top/reference/timestopics/people/s/eric_schmitt/index.html,0.9555164425907532,20160814214120
http://www.reuters.com/article/2014/11/12/us-at-t-regulations-internet-idUSKCN0IW1JC20141112,http://web.archive.org/web/20150814124334/http://www.reuters.com/article/2014/11/12/us-at-t-regulations-internet-idUSKCN0IW1JC20141112,0.9967199884218993,20150814124334
http://www.cdt.org/digi_tele/voip.shtml,http://web.archive.org/web/20111122090733/http://www.cdt.org/digi_tele/voip.shtml,0.7650420084070808,20061207045619
http://www.msnbc.msn.com/id/6084099/,http://web.archive.org/web/20070816101252/http://www.msnbc.msn.com:80/id/6084099/,0.0,20070816101252
https://medium.com/@cdixon/why-decentralization-matters-5e3f79f7638e,http://web.archive.org/web/20181004032602/https://medium.com/@cdixon/why-decentralization-matters-5e3f79f7638e,0.9999278691988006,20181004032602
https://www.aclu.org/blog/national-security-technology-and-liberty/internal-police-emails-show-efforts-hide-use-cell,http://web.archive.org/web/20150403142139/https://www.aclu.org/blog/national-security-technology-and-liberty/internal-police-emails-show-efforts-hide-use-cell,0.8960143261244372,20140925144644
http://apps.fcc.gov/ecfs/comment/view?id=60001006043,http://web.archive.org/web/20160310011947/http://apps.fcc.gov/ecfs/comment/view?id=60001006043,0,20150718200415
http://www.nytimes.com/2004/06/13/opinion/13SUN1.html,http://web.archive.org/web/20150325185429/http://www.nytimes.com/2004/06/13/opinion/13SUN1.html,0.9640111989312288,20121107034359
http://www.tuaw.com/2009/12/15/watch-out-atandt-operation-chokehold-is-coming/,http://web.archive.org/web/20150131163732/http://www.tuaw.com/2009/12/15/watch-out-atandt-operation-chokehold-is-coming/,0.0,20111210061653
http://tech.nytimes.com/top/news/technology/cybertimesnavigator/,http://web.archive.org/web/20080115051715/http://tech.nytimes.com:80/top/news/technology/cybertimesnavigator/,0.0,20080115051715
http://arstechnica.com/security/2014/06/what-the-nsa-or-anyone-can-learn-about-you-from-internet-traffic/,http://web.archive.org/web/20170609223122/https://arstechnica.com/security/2014/06/what-the-nsa-or-anyone-can-learn-about-you-from-internet-traffic/?,0.9926902158549303,20160301083648
http://www.pcinpact.com/actu/news/50209-liberation-deneuvre-april-hadopi-critiques.htm,http://web.archive.org/web/20111025104126/http://www.pcinpact.com:80/actu/news/50209-liberation-deneuvre-april-hadopi-critiques.htm,0,20100328060243
http://www.independent.co.uk/news/uk/home-news/the-corruption-of-britain-uks-key-institutions-infiltrated-by-criminals-9052617.html,http://web.archive.org/web/20150925164231/http://www.independent.co.uk/news/uk/home-news/the-corruption-of-britain-uks-key-institutions-infiltrated-by-criminals-9052617.html,0.9968866347767836,20150925164231
http://www.huffingtonpost.com/arianna-huffington/sunday-roundup_b_292283.html,http://web.archive.org/web/20140829212702/http://www.huffingtonpost.com/arianna-huffington/sunday-roundup_b_292283.html,0.999999999999999,20140829212702
http://www.amazon.com/The-Rational-Optimist-Prosperity-Evolves/dp/0061452068,http://web.archive.org/web/20190607032509/https://www.amazon.com/The-Rational-Optimist-Prosperity-Evolves/dp/0061452068,0.9631763816155207,20190607032509
http://arstechnica.com/security/2014/10/7-million-dropbox-usernamepassword-pairs-apparently-leaked/,http://web.archive.org/web/20170111050628/http://arstechnica.com/security/2014/10/7-million-dropbox-usernamepassword-pairs-apparently-leaked/,0.945119215239091,20160413104020
http://www.photoshopuser.com/,http://web.archive.org/web/20181109131835/http://www.photoshopuser.com:80/,0,20180731231639
http://www.sfexaminer.com/sanfrancisco/tech-commuter-shuttles-riding-wave-of-controversy/Content?oid=2793759,http://web.archive.org/web/20140513222358/http://www.sfexaminer.com:80/sanfrancisco/tech-commuter-shuttles-riding-wave-of-controversy/Content?oid=2793759,0.9929873784416652,20140513222358
http://arstechnica.com/security/news/2009/12/google-public-dns-service-not-ideal-for-everyone.ars,http://web.archive.org/web/20120411072426/http://arstechnica.com:80/security/news/2009/12/google-public-dns-service-not-ideal-for-everyone.ars,0.9870020073234924,20100927070513
http://www.wired.com/epicenter/2009/10/youtube-bandwidth/,http://web.archive.org/web/20120603054731/http://www.wired.com:80/epicenter/2009/10/youtube-bandwidth,0.9986775292824573,20110924075241
http://gizmodo.com/5396828/verizon-to-double-early-termination-fee,http://web.archive.org/web/20161224074247/http://gizmodo.com/5396828/verizon-to-double-early-termination-fee,0.830285122301949,20141204051458
http://www.nytimes.com/2004/11/02/business/02trapped.html,http://web.archive.org/web/20150528014329/http://www.nytimes.com/2004/11/02/business/02trapped.html,0.9460897994596709,20150528014329
http://www.techworld.com/mobility/features/index.cfm?FeatureID=1013,http://web.archive.org/web/20081013031210/http://www.techworld.com:80/mobility/features/index.cfm?FeatureID=1013,0.6134719229173351,20081013031210
http://www.vonage.com/support.php?keyword=ContactBook,http://web.archive.org/web/20100202082549/http://www.vonage.com:80/support.php?keyword=ContactBook,0.564665141527035,20100202082549
http://www2.warwick.ac.uk/fac/med/research/hscience/ctu/trials/critical/paramedic2,http://web.archive.org/web/20170904090819/http://www2.warwick.ac.uk:80/fac/med/research/hscience/ctu/trials/critical/paramedic2/,0,20170904090819
http://www.internethalloffame.org/press/latest-news/internet-hall-fame-announces-2013-inductees,http://web.archive.org/web/20190821140953/https://www.internethalloffame.org//press/latest-news/internet-hall-fame-announces-2013-inductees,1.0000000000000007,20180818002302
http://online.wsj.com/email,http://web.archive.org/web/20080905032857/http://online.wsj.com/email,0,20080905032857
http://www.amazon.com/The-Entrepreneurial-State-Debunking-Economics/dp/0857282522,http://web.archive.org/web/20160305070109/http://www.amazon.com/The-Entrepreneurial-State-Debunking-Economics/dp/0857282522,0.9476201886127883,20160103162217
https://recode.net/2014/11/26/att-says-it-still-plans-to-expand-high-speed-internet-in-directv-acquisition/,http://web.archive.org/web/20160412081216/http://recode.net/2014/11/26/att-says-it-still-plans-to-expand-high-speed-internet-in-directv-acquisition/,0.9639728194970721,20160412081216
http://online.wsj.com/article/SB10001424052970203803904574431151489408372.html,http://web.archive.org/web/20130424104457/http://online.wsj.com/article/SB10001424052970203803904574431151489408372.html,0.5422030614240483,20121024221520
http://wbezdata.tumblr.com/post/88953442194/array-of-things-project-adding-sensors-to-chicago-so,http://web.archive.org/web/20140701110917/http://wbezdata.tumblr.com/post/88953442194/array-of-things-project-adding-sensors-to-chicago-so,1.000000000000003,20140701110917
http://mcdonalds.com/,http://web.archive.org/web/20101002164607/http://www1.mcdonalds.com/,0.0,20101002164607
http://www.consumersunion.org/finance/ckclear1002.htm,http://web.archive.org/web/20130104131845/http://www.consumersunion.org:80/finance/ckclear1002.htm,0.3120098187207543,20120324104156
http://research.google.com/pubs/author6411.html,http://web.archive.org/web/20160430095410/http://research.google.com/pubs/author6411.html,0,20160430095410
https://blogs.scientificamerican.com/cross-check/is-science-hitting-a-wall/,http://web.archive.org/web/20180412143324/https://blogs.scientificamerican.com/cross-check/is-science-hitting-a-wall/,0.9903596148017353,20180408003134
http://www.nytimes.com/2004/06/16/politics/16flight.html,http://web.archive.org/web/20150603163549/http://www.nytimes.com/2004/06/16/politics/16flight.html,0.9917720349835001,20150603163549
http://topics.nytimes.com/top/reference/timestopics/organizations/c/congressional_budget_office/index.html?inline=nyt-org,http://web.archive.org/web/20160221071657/http://topics.nytimes.com/top/reference/timestopics/organizations/c/congressional_budget_office/index.html?inline=nyt-org,0.0,20160221071657
http://law.marquette.edu/facultyblog/2009/10/17/the-obama-hope-poster-case-whoa/,http://web.archive.org/web/20190307090430/https://law.marquette.edu/facultyblog/2009/10/17/the-obama-hope-poster-case-whoa/,1.0000000000000002,20190307090430
http://www.joelonsoftware.com/items/2009/10/08.html,http://web.archive.org/web/20161117062506/http://www.joelonsoftware.com:80/items/2009/10/08.html,0.9496583771918441,20161117062506
http://www.arb.ca.gov/msprog/obdprog/obdprog.htm,http://web.archive.org/web/20190225091629/https://www.arb.ca.gov/msprog/obdprog/obdprog.htm,0.6909186277247337,20190225091629
http://arstechnica.com/business/2012/09/comcast-data-caps-hit-test-cities-range-from-300gb-to-600gb/,http://web.archive.org/web/20170712193604/https://arstechnica.com/business/2012/09/comcast-data-caps-hit-test-cities-range-from-300gb-to-600gb/,0.9719320758263393,20170712193604
http://www.burdadigital.de/,http://web.archive.org/web/20121003005304/http://www.burdadigital.de/,0,20121003005304
http://hesketh.com/about/careers/web_designer.html,http://web.archive.org/web/20090106033456/http://www.hesketh.com/about/careers/web_designer.html,0.4065722233831469,20090106033456
http://publicpolicy.verizon.com/blog/entry/unbalanced-peering-and-the-real-story-behind-the-verizon-cogent-dispute,http://web.archive.org/web/20151009002243/http://publicpolicy.verizon.com/blog/entry/unbalanced-peering-and-the-real-story-behind-the-verizon-cogent-dispute,0.9572360946052476,20140605230736
http://www.nytimes.com/2004/08/23/technology/23wiretap.html,http://web.archive.org/web/20150102181634/http://www.nytimes.com:80/2004/08/23/technology/23wiretap.html,0.972242221242412,20150102181634
http://www.huffingtonpost.com/2014/05/19/nsa-drug-war_n_5353819.html,http://web.archive.org/web/20161012151534/http://www.huffingtonpost.com/2014/05/19/nsa-drug-war_n_5353819.html,0.99726556739949,20161012151534
http://www.nytimes.com/2004/10/31/fashion/31CHUR.html,http://web.archive.org/web/20150528071308/http://www.nytimes.com/2004/10/31/fashion/31CHUR.html,0.9342807092182301,20110430022756
http://www.nytimes.com/2004/07/26/international/europe/26russ.html,http://web.archive.org/web/20140717080004/http://www.nytimes.com/2004/07/26/international/europe/26russ.html,0.9537297947513197,20140717080004
http://news.com.com/2100-7344_3-5276901.html,http://web.archive.org/web/20080906195845/http://news.com.com/2100-7344_3-5276901.html,0.3787896407429223,20080906195845
http://www.huffingtonpost.com/2009/01/04/bill-richardson-withdraws_n_155098.html,http://web.archive.org/web/20150201221526/http://www.huffingtonpost.com:80/2009/01/04/bill-richardson-withdraws_n_155098.html,0.0,20090407010600
http://recode.net/2014/11/14/fcc-asks-att-for-info-about-delayed-fiber-build-out-because-of-net-neutrality/,http://web.archive.org/web/20160311191329/http://recode.net/2014/11/14/fcc-asks-att-for-info-about-delayed-fiber-build-out-because-of-net-neutrality/,0.9821892239479237,20150108093946
http://www.paypal.com/,http://web.archive.org/web/20170516182055/https://www.paypal.com/,0.0,20170516182055
http://www.nysun.com/article/3428,http://web.archive.org/web/20060719192634/http://www.nysun.com:80/article/3428,1.0,20050503193219
http://www.govtrack.us/congress/billtext.xpd?bill=h111-1&version=as2&compareto=eh&view=side,http://web.archive.org/web/20110927234433/http://www.govtrack.us/congress/billtext.xpd?bill=h111-1&version=as2&compareto=eh&view=side,0.40220795989341124,20090326092410
http://www.aclu.org/news/,http://web.archive.org/web/20171124024212/https://www.aclu.org/news,0.0,20171124024212
http://www.newrepublic.com/article/magazine/104638/the-need-new-party,http://web.archive.org/web/20150909072909/http://www.newrepublic.com/article/magazine/104638/the-need-new-party,0.9998626520186924,20150909072909
http://www.osler.com/resources.aspx?id=10660,http://web.archive.org/web/20060506045052/http://www.osler.com/resources.aspx?id=10660,0.3313868825180468,20060506045052
http://topics.nytimes.com/top/reference/timestopics/people/m/john_markoff/index.html?inline=nyt-per,http://web.archive.org/web/20160810134850/http://topics.nytimes.com:80/top/reference/timestopics/people/m/john_markoff/index.html?inline=nyt-per,0.0,20160810134850
http://arstechnica.com/security/2014/10/adobes-e-book-reader-sends-your-reading-logs-back-to-adobe-in-plain-text/,http://web.archive.org/web/20170514162434/https://arstechnica.com/security/2014/10/adobes-e-book-reader-sends-your-reading-logs-back-to-adobe-in-plain-text/,0.9931244857883766,20160624132406
http://www.nature.com/news/specials/uselection/index.html,http://web.archive.org/web/20170713120210/http://www.nature.com/news/specials/uselection/index.html,1.0000000000000007,20100723013014
http://www.nccprivacy.org/,http://web.archive.org/web/20180427025844/http://www.nccprivacy.org/,0.42439711191019497,20120406231851
"http://www.guardian.co.uk/uselections2004/story/0,13918,1342798,00.html","http://web.archive.org/web/20080820165038/http://www.guardian.co.uk/uselections2004/story/0,13918,1342798,00.html",0.9896474276071467,20060810094106
http://www.michaelgeist.ca/content/view/4464/125/,http://web.archive.org/web/20140214175241/http://www.michaelgeist.ca/content/view/4464/125/,0.9982402405595834,20120119130904
http://topics.nytimes.com/top/reference/timestopics/organizations/n/north_atlantic_treaty_organization/index.html?inline=nyt-org,http://web.archive.org/web/20160227194155/http://topics.nytimes.com:80/top/reference/timestopics/organizations/n/north_atlantic_treaty_organization/index.html?inline=nyt-org,0,20150319003611
http://www.nap.edu/reports/energy/images/sd/flow_enlarged.gif,http://web.archive.org/web/20150310050808/http://www.nap.edu/reports/energy/images/sd/flow_enlarged.gif,0.0,20150310050808
http://biz.yahoo.com/ap/040630/intercepted_e_mail_4.html,http://web.archive.org/web/20040703143101/http://biz.yahoo.com:80/ap/040630/intercepted_e_mail_4.html,0.503971179877089,20040703143101
http://special.lib.umn.edu/cbi/oh/pdf.phtml?id=146,http://web.archive.org/web/20100724022723/http://special.lib.umn.edu/cbi/oh/pdf.phtml?id=146,0.0,20100724022723
http://www.nytimes.com/2004/04/22/opinion/22FRIE.html,http://web.archive.org/web/20150919053227/http://www.nytimes.com/2004/04/22/opinion/22FRIE.html,0.9868686349072704,20141009060614
http://www.nytimes.com/2004/09/12/opinion/12sun2.html,http://web.archive.org/web/20150616021721/http://www.nytimes.com/2004/09/12/opinion/12sun2.html,0.9822459365938999,20150616021721
http://www.amtrak.com/,http://web.archive.org/web/20190806135928/http://www.amtrak.com/,0.0,20180214165504
http://www.ft.com/cms/s/0/b3e99880-1991-11de-9d34-0000779fd2ac.html,http://web.archive.org/web/20131020033841/http://www.ft.com:80/cms/s/0/b3e99880-1991-11de-9d34-0000779fd2ac.html,0.0,20131020033841
http://www.factsquad.org/,http://web.archive.org/web/20161022142927/https://www.factsquad.org/,0.21086729117972222,20110726044855
"http://politics.guardian.co.uk/commons/comment/0,9236,1326850,00.html","http://web.archive.org/web/20070718073534/http://politics.guardian.co.uk:80/commons/comment/0,9236,1326850,00.html",0.9442301906676568,20070718073534
http://zdnet.com.com/2100-1105-5236233.html,http://web.archive.org/web/20081202070438/http://zdnet.com.com/2100-1105-5236233.html,0.0,20040626101147
http://futureoftheinternet.org/orwellian-indeed,http://web.archive.org/web/20130208054053/http://futureoftheinternet.org/orwellian-indeed,0.8793816073583299,20110726072833
http://blog.wired.com/27bstroke6/2009/04/pirateverdict.html,http://web.archive.org/web/20090425205509/http://blog.wired.com:80/27bstroke6/2009/04/pirateverdict.html,0.7544738451089449,20090425205509
http://www.emergingmarkets.org/Article/3387774/RUSSIA-AND-CHINA-Russias-China-focus-falls-short.html,http://web.archive.org/web/20150427213237/http://www.emergingmarkets.org/Article/3387774/RUSSIA-AND-CHINA-Russias-China-focus-falls-short.html,0.7394182368644924,20150423064531
http://online.wsj.com/article/SB124440211524192081.html,http://web.archive.org/web/20130527172736/http://online.wsj.com:80/article/SB124440211524192081.html,0.7355926724411189,20120512011235
http://www.cscs.umich.edu/~crshalizi/election/,http://web.archive.org/web/20120709090057/http://www.cscs.umich.edu:80/~crshalizi/election/,0.5834011534829568,20111126231312
https://www.amacad.org/content/Research/researchproject.aspx?d=1276,http://web.archive.org/web/20181216131242/https://www.amacad.org/content/Research/researchproject.aspx?d=1276,0.8937966076695436,20161125061518
http://www.pbs.org/cringely/pulpit/pulpit20040812.html,http://web.archive.org/web/20081013112233/http://www.pbs.org/cringely/pulpit/pulpit20040812.html,0,20081013112233
http://topics.nytimes.com/top/reference/timestopics/people/d/_dalai_lama/index.html?inline=nyt-per,http://web.archive.org/web/20150910191452/http://topics.nytimes.com:80/top/reference/timestopics/people/d/_dalai_lama/index.html?inline=nyt-per,0.0,20140706074127
http://www.aps.org/WN,http://web.archive.org/web/20120721065643/http://www.aps.org:80/WN/,0,20120721065643
http://www.pbs.org/wgbh/pages/frontline/shows/persuaders/view/,http://web.archive.org/web/20160416165534/http://www.pbs.org:80/wgbh/pages/frontline/shows/persuaders/view/,0.6710630621462366,20160107212736
http://www.stevens.edu/news/content/stevens-professor-andrew-russell-pens-book-open-standards-and-digital-age,http://web.archive.org/web/20151109095828/http://www.stevens.edu:80/news/content/stevens-professor-andrew-russell-pens-book-open-standards-and-digital-age,0.9992251235446815,20151109095828
http://arstechnica.com/media/news/2009/06/tiered-service-rs-dvrs-seen-as-critical-to-cable-profits.ars,http://web.archive.org/web/20110320003742/http://arstechnica.com:80/media/news/2009/06/tiered-service-rs-dvrs-seen-as-critical-to-cable-profits.ars,0.9870955983420481,20090706213235
http://www.icann.org/committees/nom-comm/formalcall-30jun04.htm,http://web.archive.org/web/20080906215301/http://www.icann.org/committees/nom-comm/formalcall-30jun04.htm,0.9999999999999994,20080906215301
http://www.aclu.org/privacy,http://web.archive.org/web/20130806183828/http://www.aclu.org:80/privacy/,0.0,20120912021018
http://www.iht.com/articles/524502.html,http://web.archive.org/web/20050307113723/http://www.iht.com:80/articles/524502.html,0.0,20040812140752
http://www.infoworld.com/article/2675487/security/your-laptop-data-is-not-safe--so-fix-it-.html,http://web.archive.org/web/20180530055747/https://www.infoworld.com/article/2675487/security/your-laptop-data-is-not-safe--so-fix-it-.html,0.9988428732582355,20180530055747
http://www.pbs.org/cringely/pulpit/pulpit20041125.html,http://web.archive.org/web/20081011074709/http://www.pbs.org/cringely/pulpit/pulpit20041125.html,0.0,20050924193744
http://www.dot.ca.gov/hq/traffops/elecsys/title21/title21a.htm,http://web.archive.org/web/20041012093718/http://www.dot.ca.gov:80/hq/traffops/elecsys/title21/title21a.htm,0.0,20041012093718
http://www.theregister.co.uk/2002/12/06/,http://web.archive.org/web/20121003211603/http://www.theregister.co.uk/2002/12/06/,0.0,20121003211603
https://www.mozilla.org/en-US/about/history/details/,http://web.archive.org/web/20190405155640/https://www.mozilla.org/en-US/about/history/details/,0.9993207637040933,20190405155640
http://www.stevens.edu/cal/sts,http://web.archive.org/web/20160301023612/http://www.stevens.edu:80/cal/sts,0.7309875404167848,20150508153529
http://www.cstb.org/,http://web.archive.org/web/20080905072016/http://www.cstb.org./,0.5944829027418567,20080905072016
https://www.amazon.co.jp//dp/4022737190/,http://web.archive.org/web/20170912070448/https://www.amazon.co.jp//dp/4022737190/,0,20170912070448
http://arstechnica.com/security/2014/07/this-thumbdrive-hacks-computers-badusb-exploit-makes-devices-turn-evil,http://web.archive.org/web/20170716122300/https://arstechnica.com/security/2014/07/this-thumbdrive-hacks-computers-badusb-exploit-makes-devices-turn-evil/,0.9968592031563659,20160413143212
http://www.att.com/familymap,http://web.archive.org/web/20120310132223/http://www.att.com/familymap,0.2508268031327772,20120310132223
http://prague.tv/toys/beer/,http://web.archive.org/web/20150321004343/http://prague.tv/toys/beer/,0,20150321004343
https://asia.nikkei.com/Politics/International-Relations/US-move-to-wall-off-tech-unsettles-Asian-companies,http://web.archive.org/web/20190828135846/https://asia.nikkei.com/Politics/International-relations/US-move-to-wall-off-tech-unsettles-Asian-companies,0.9607566351861371,20190916224545
http://homedelivery.nytimes.com/HDS/SubscriptionT1.do?mode=SubscriptionT1&ExternalMediaCode=W24AF,http://web.archive.org/web/20070503103706/http://homedelivery.nytimes.com:80/HDS/SubscriptionT1.do?mode=SubscriptionT1&ExternalMediaCode=W24AF,0,20070503103706
http://arstechnica.com/apple/2014/09/apple-expands-data-encryption-under-ios-8-making-handover-to-cops-moot/,http://web.archive.org/web/20170708075826/https://arstechnica.com/apple/2014/09/apple-expands-data-encryption-under-ios-8-making-handover-to-cops-moot/,0.9845528325969729,20161126013629
http://www.nytimes.com/2004/05/30/opinion/30SUN1.html,http://web.archive.org/web/20151013124341/http://www.nytimes.com/2004/05/30/opinion/30SUN1.html,0.8732600832447064,20101107002548
http://www.politico.com/magazine/story/2014/01/chuck-hagel-al-sissi-egypt-102068.html?hp=pm_2,http://web.archive.org/web/20140116040520/http://www.politico.com:80/magazine/story/2014/01/chuck-hagel-al-sissi-egypt-102068.html?hp=pm_2,0.997750435597518,20140116040520
http://news.com.com//2113-1028_3-5201845.html?tag=st.util.email,http://web.archive.org/web/20041129134236/http://news.com.com:80/2113-1028_3-5201845.html?tag=st.util.email,0.2556070890045425,20041129134236
http://www.nytimes.com/2004/05/09/international/asia/09toky.html,http://web.archive.org/web/20151017095752/http://www.nytimes.com/2004/05/09/international/asia/09toky.html,0.9970343460394917,20141006223114
http://www.lfpress.com/2014/04/16/london-teen-charged-in-heartbleed-breach-of-taxpayer-data,http://web.archive.org/web/20180308171217/http://www.lfpress.com/2014/04/16/london-teen-charged-in-heartbleed-breach-of-taxpayer-data,0.9828032243957368,20171127095452
https://www.theregister.co.uk/security/insider_threat/,http://web.archive.org/web/20180928200533/https://www.theregister.co.uk/security/insider_threat/,0,20180928200533
"http://www.pcmag.com/article2/0,2817,2339204,00.asp","http://web.archive.org/web/20170206181449/http://www.pcmag.com/article2/0,2817,2339204,00.asp",0.9830645403754583,20170206181449
http://news.bbc.co.uk/1/hi/programmes/3951615.stm,http://web.archive.org/web/20090328211158/http://news.bbc.co.uk:80/1/hi/programmes/3951615.stm,1.0000000000000127,20060710001104
http://articles.latimes.com/2013/apr/09/local/la-me-toll-lane-analysis-20130410,http://web.archive.org/web/20160229214926/http://articles.latimes.com:80/2013/apr/09/local/la-me-toll-lane-analysis-20130410,0.9621748790811315,20130813215057
https://www.schneier.com/essay-470.html,http://web.archive.org/web/20140220084532/https://www.schneier.com/essay-470.html,0.9952966396104636,20140220084532
http://news.com.com/2100-7352-5184603.html?tag=nefd_hed,http://web.archive.org/web/20050223205615/http://news.com.com:80/2100-7352-5184603.html?tag=nefd_hed,0.3531091265678948,20041129033610
http://www.newyorker.com/fact/content/?040802fa_fact,http://web.archive.org/web/20070211161844/http://www.newyorker.com:80/fact/content?040802fa_fact,0.0,20050120091517
http://news.turner.com/article_display.cfm?article_id=4207,http://web.archive.org/web/20090609233731/http://news.turner.com:80/article_display.cfm?article_id=4207,0.0,20090122153754
http://www.foreignpolicy.com/articles/2014/09/26/why_big_data_missed_the_early_warning_signs_of_ebola,http://web.archive.org/web/20141204192957/http://www.foreignpolicy.com/articles/2014/09/26/why_big_data_missed_the_early_warning_signs_of_ebola,0.9353814876006046,20141015171846
http://www.huffingtonpost.com/steve-rosenbaum/is-broadband-a-civil-righ_b_222797.html,http://web.archive.org/web/20160625050838/http://www.huffingtonpost.com/steve-rosenbaum/is-broadband-a-civil-righ_b_222797.html,0.9929739315789814,20160625050838
http://www.cox.com/policy/congestionmanagement/,http://web.archive.org/web/20181228002612/http://www.cox.com/policy/congestionmanagement/,0.6220417463021284,20111212080725
http://www.fiercetelecom.com/story/level-3-comcast-call-truce-peering-fight/2013-07-16,http://web.archive.org/web/20150427003853/http://www.fiercetelecom.com/story/level-3-comcast-call-truce-peering-fight/2013-07-16,0.9425059214229778,20130807034132
http://online.wsj.com/article/SB124563025130035875.html,http://web.archive.org/web/20111023115909/http://online.wsj.com:80/article/SB124563025130035875.html,0.6333187790784827,20090728003855
http://forbes.com/home/business/2004/08/25/cx_da_0825economy.html,http://web.archive.org/web/20080527064123/http://www.forbes.com:80/home/business/2004/08/25/cx_da_0825economy.html,0.9971705834796809,20080527064123
http://www.michaelgeist.ca/content/view/7096/135/,http://web.archive.org/web/20140629223248/http://www.michaelgeist.ca/content/view/7096/135/,0.9712628482204574,20140629223248
http://www.aclu.org/safefree/general/39922res20090618.html,http://web.archive.org/web/20091015122043/http://www.aclu.org/safefree/general/39922res20090618.html,0.7921252360997078,20091015122043
http://www.alternet.org/news-amp-politics/four-muslim-americans-who-refused-be-informants-file-lawsuit-against-fbi-placing,http://web.archive.org/web/20171021153304/https://www.alternet.org/news-amp-politics/four-muslim-americans-who-refused-be-informants-file-lawsuit-against-fbi-placing,0.9960385963638045,20171021153304
http://www.robtex.com/dns/ns1.worldnic.com.html,http://web.archive.org/web/20120616200117/http://www.robtex.com:80/dns/ns1.worldnic.com.html,0,20091231205506
http://www.danielpipes.org/article/2066,http://web.archive.org/web/20081216073915/http://www.danielpipes.org:80/article/2066,0.9892630727459547,20081216073915
http://thomas.loc.gov/home/approp/app05.html,http://web.archive.org/web/20141209165502/http://thomas.loc.gov/home/approp/app05.html,0,20090628074753
http://topics.nytimes.com/top/reference/timestopics/organizations/a/american_library_assn/index.html?inline=nyt-org,http://web.archive.org/web/20170201005101/http://topics.nytimes.com/top/reference/timestopics/organizations/a/american_library_assn/index.html?inline=nyt-org,0.0,20150909044440
http://www.nytimes.com/2004/04/08/technology/circuits/08goog.html,http://web.archive.org/web/20151012065354/http://www.nytimes.com/2004/04/08/technology/circuits/08goog.html,0.9178594149687265,20100903141413
http://www.theregister.co.uk/content/22/36744.html,http://web.archive.org/web/20081205022718/http://www.theregister.co.uk/content/22/36744.html,0.9973766407582346,20040403225200
http://www.terrapinn.com/conference/ipxsummit/index.stm,http://web.archive.org/web/20161113222922/http://www.terrapinn.com:80/conference/ipxsummit/index.stm,0.0,20160505213015
http://www.cdt.org/copyright/broadcastflag/introduction.shtml,http://web.archive.org/web/20050313221024/http://www.cdt.org:80/copyright/broadcastflag/introduction.shtml,0.5822895554418553,20041210074057
https://asia.nikkei.com/Business/Business-Trends/China-s-strict-new-cybersecurity-law-ensnares-Japanese-companies,http://web.archive.org/web/20190828151316/https://asia.nikkei.com/Business/Business-trends/China-s-strict-new-cybersecurity-law-ensnares-Japanese-companies,0.973258147726706,20190824085532
http://www.eff.org/bootcamp/,http://web.archive.org/web/20110918132627/http://www.eff.org/bootcamp,0.9823964441867405,20110918132627
http://isc.sans.org/diary.html?storyid=5869,http://web.archive.org/web/20110529091034/http://isc.sans.org:80/diary.html?storyid=5869,0.7914610304946442,20090418215630
http://blog.wired.com/wiredscience/2009/04/newtonai.html,http://web.archive.org/web/20090425083946/http://blog.wired.com:80/wiredscience/2009/04/newtonai.html,0.0,20090416003336
http://blog.streamingmedia.com/2014/02/media-botching-coverage-netflix-comcast-deal-getting-basics-wrong.html,http://web.archive.org/web/20171204091000/https://blog.streamingmedia.com/2014/02/media-botching-coverage-netflix-comcast-deal-getting-basics-wrong.html,0.6299734273466738,20150319111846
http://www.google.com/apps/intl/en/business/index.html,http://web.archive.org/web/20120420061500/https://www.google.com/apps/intl/en/business/index.html,0.0,20120413074248
http://www.dmv.ca.gov/pubs/brochures/fast_facts/ffdl10.htm,http://web.archive.org/web/20140704032752/http://www.dmv.ca.gov/pubs/brochures/fast_facts/ffdl10.htm,0.40174476467441667,20140704032752
http://www.reuters.com/newsArticle.jhtml,http://web.archive.org/web/20050630031338/http://www.reuters.com:80/newsArticle.jhtml,0.0,20050409013421
http://news.com.com/2010-1034-5364174.html,http://web.archive.org/web/20060716152209/http://news.com.com:80/2010-1034-5364174.html,0.4121792900144716,20060716152209
http://online.wsj.com/article/SB123869022704882969.html,http://web.archive.org/web/20130929023635/http://online.wsj.com:80/article/SB123869022704882969.html,0.639426420907791,20120507215739
https://www.nytimes.com/services/mobile/apps/,http://web.archive.org/web/20130630062925/http://www.nytimes.com:80/services/mobile/apps/,0.0,20130630062925
http://abcnews.go.com/Technology/Story?id=7213962,http://web.archive.org/web/20131020141130/http://abcnews.go.com/Technology/story?id=7213962,0.0,20131020141130
http://theguardian.com/,http://web.archive.org/web/20131028172748/https://www.theguardian.com/,0.0,20010118235100
http://www.nytimes.com/2005/08/29/opinion/29krugman.html,http://web.archive.org/web/20140707152108/http://www.nytimes.com/2005/08/29/opinion/29krugman.html,0.9936195306483349,20111009000317
http://online.wsj.com/news/articles/SB10001424052702303325204579465321638954500,http://web.archive.org/web/20141022173645/http://online.wsj.com:80/news/articles/SB10001424052702303325204579465321638954500,0.5647194904145637,20141022173645
http://blogs.scientificamerican.com/cross-check/2014/06/15/prominent-economist-touts-benefits-of-war-in-new-york-times-really/,http://web.archive.org/web/20140706082249/http://blogs.scientificamerican.com/cross-check/2014/06/15/prominent-economist-touts-benefits-of-war-in-new-york-times-really/,0.9814901340232441,20140706082249
http://googlepublicpolicy.blogspot.com/,http://web.archive.org/web/20160603042921/http://googlepublicpolicy.blogspot.com/,0.0,20150729161344
http://www.4029tv.com/national/Saudi-activist-gets-15-year-sentence/26815924,http://web.archive.org/web/20140726125058/http://www.4029tv.com/national/Saudi-activist-gets-15-year-sentence/26815924,0.0,20140708022921
http://mps-expenses.guardian.co.uk/,http://web.archive.org/web/20120724161436/http://mps-expenses.guardian.co.uk/,0.0,20120614185546
http://www.faqs.org/patents/app/20120223885,http://web.archive.org/web/20160319100640/http://www.faqs.org/patents/app/20120223885,0.9999999999999996,20150221194339
http://www.cnbc.com/id/,http://web.archive.org/web/20090921003011/http://www.cnbc.com/id/,0.0,20070506013348
http://faaat.net/cannabis,http://web.archive.org/web/20190402032224/https://faaat.net/cannabis/,0.3963134077622754,20181010011735
http://www.infoworld.com/article/2836715/android/android-lollipop-aims-to-be-googles-ios-7.html,http://web.archive.org/web/20181121205408/https://www.infoworld.com/article/2836715/android/android-lollipop-aims-to-be-googles-ios-7.html,0.9964473242224497,20181121205408
http://www.foreignpolicy.com/articles/2014/04/24/the_blue_screen_of_death_at_30000_feet,http://web.archive.org/web/20140827153715/http://www.foreignpolicy.com:80/articles/2014/04/24/the_blue_screen_of_death_at_30000_feet,0.9852909034498425,20140503164930
https://firstlook.org/theintercept/2014/10/30/hacking-team/,http://web.archive.org/web/20150811001536/https://firstlook.org/theintercept/2014/10/30/hacking-team/,0.9963604333922138,20150215075514
http://business.time.com/2014/02/19/netflix-verizon-peering/#ixzz2toMMwT8r,http://web.archive.org/web/20140303175131/http://business.time.com/2014/02/19/netflix-verizon-peering/,0.971089844499595,20140222020113
http://www.infoworld.com/t/cringely/attack-of-the-killer-clouds-and-the-coming-it-storm-239006,http://web.archive.org/web/20140903012324/http://www.infoworld.com:80/t/cringely/attack-of-the-killer-clouds-and-the-coming-it-storm-239006?,0.984162262515274,20140530203204
http://slashdot.org/articles/04/04/05/1256254.shtml?tid=111&tid=126&tid=133&tid=186,http://web.archive.org/web/20050324181043/http://slashdot.org:80/articles/04/04/05/1256254.shtml?tid=111&tid=126&tid=133&tid=186,0.9927816328703102,20050324181043
http://www.technorati.com/tag/Internet,http://web.archive.org/web/20180915234120/http://www.technorati.com:80/tag/Internet,0,20140601145612
http://nautil.us/issue/18/genius/super_intelligent-humans-are-coming,http://web.archive.org/web/20190808084405/http://nautil.us/issue/18/genius/super_intelligent-humans-are-coming,0.9990064254840049,20190309004650
http://news.bbc.co.uk/1/hi/technology/3804895.stm,http://web.archive.org/web/20170901145236/http://news.bbc.co.uk/1/hi/technology/3804895.stm,0.9999999999999992,20170901145236
http://www.onpointradio.org/shows/2004/08/20040818_b_main.asp,http://web.archive.org/web/20061002062605/http://www.onpointradio.org/shows/2004/08/20040818_b_main.asp,0.0,20050310112022
http://www.nhs.uk/conditions/pacemakerimplantation/pages/introduction.aspx,http://web.archive.org/web/20171003163232/http://www.nhs.uk/conditions/PacemakerImplantation/Pages/Introduction.aspx,0.0,20170705045517
http://www.informationweek.com/news/personal_tech/drm/showArticle.jhtml?articleID=218501227,http://web.archive.org/web/20101226092313/http://www.informationweek.com:80/news/personal_tech/drm/showArticle.jhtml?articleID=218501227,0.3755214601172279,20101226092313
http://www.rawstory.com/rs/2014/02/12/scientists-in-california-make-landmark-advance-towards-unlimited-fusion-energy/,http://web.archive.org/web/20140910172942/http://www.rawstory.com/rs/2014/02/12/scientists-in-california-make-landmark-advance-towards-unlimited-fusion-energy/,0.0,20140910172942
http://www.news.com/thisweeksheadlines/,http://web.archive.org/web/20081202161031/http://www.news.com/thisweeksheadlines/,0,20081202161031
http://www.nytimes.com/2004/12/05/opinion/05friedman.html,http://web.archive.org/web/20150703133054/http://www.nytimes.com:80/2004/12/05/opinion/05friedman.html,0.9946201689467159,20150703133054
http://www.atug.com.au/Focus/Fs080709.htm,http://web.archive.org/web/20110217034753/http://www.atug.com.au/Focus/Fs080709.htm,0.0,20100324104329
http://www.isoc-ny.org/?p=769,http://web.archive.org/web/20110702201941/http://isoc-ny.org/?p=769,0.9474830042492646,20090804150558
https://rightscon.org/about.php,http://web.archive.org/web/20151225182403/https://rightscon.org/about.php,0.5313030543701889,20151225182403
http://www.schneier.com/crypto-gram.html,http://web.archive.org/web/20141229104321/https://www.schneier.com/crypto-gram.html,0.24612005692012198,20121011112236
http://online.wsj.com/article/SB124113159891774733.html,http://web.archive.org/web/20120506065812/http://online.wsj.com/article/SB124113159891774733.html,0.5334823344356411,20120506065812
http://www.cbsnews.com/stories/2009/06/19/opinion/polls/main5098517.shtml,http://web.archive.org/web/20120619103341/http://www.cbsnews.com/stories/2009/06/19/opinion/polls/main5098517.shtml,0.940387889134813,20100914102352
http://usacm.acm.org/usacm/weblog,http://web.archive.org/web/20110419154915/http://usacm.acm.org:80/usacm/weblog/,0.6467925422663752,20091106203014
http://www.arrl.org/news/stories/2004/12/27/2/?nc=1,http://web.archive.org/web/20091114014802/http://www.arrl.org:80/news/stories/2004/12/27/2/?nc=1,0.0,20050916091234
http://www.reuters.com/article/2014/03/31/us-usa-security-nsa-rsa-idUSBREA2U0TY20140331,http://web.archive.org/web/20151115010411/http://www.reuters.com:80/article/2014/03/31/us-usa-security-nsa-rsa-idUSBREA2U0TY20140331,0.9996575492222316,20151115010411
"http://observer.guardian.co.uk/comment/story/0,6903,1189906,00.html","http://web.archive.org/web/20080829145121/http://observer.guardian.co.uk/comment/story/0,6903,1189906,00.html",0.9913529894813917,20080829145121
http://www.rec.ri.cmu.edu/,http://web.archive.org/web/20190626063734/https://www.rec.ri.cmu.edu/,1.0000000000000016,20190626063734
http://news.com.com/2100-1027-5202107.html,http://web.archive.org/web/20090107212317/http://news.com.com/2100-1027-5202107.html,0.4086312843985913,20090107212317
http://www.livejournal.com/~wendyg,http://web.archive.org/web/20080726203509/http://www.livejournal.com/~wendyg,0.8935170026276565,20031128055923
http://www.stripes.com/article.asp?section=104&article=65799,http://web.archive.org/web/20100106040147/http://www.stripes.com:80/article.asp?section=104&article=65799,0.9997397784439171,20100106040147
http://www.oreillynet.com/cs/user/print/a/4807,http://web.archive.org/web/20050511093619/http://www.oreillynet.com:80/cs/user/print/a/4807,0.0,20050511093619
http://www.skype.com/download_pda.html,http://web.archive.org/web/20040914083008/http://www.skype.com:80/download_pda.html,0.0,20040822055807
http://publicpolicy.verizon.com/blog/entry/why-is-netflix-buffering-dispelling-the-congestion-myth,http://web.archive.org/web/20151013041817/http://publicpolicy.verizon.com:80/blog/entry/why-is-netflix-buffering-dispelling-the-congestion-myth,0.984180861077856,20151013041817
http://www.huffingtonpost.com/bruce-kushnick/fire-island-erupts-over-v_b_3531584.html,http://web.archive.org/web/20180521204408/https://www.huffingtonpost.com/bruce-kushnick/fire-island-erupts-over-v_b_3531584.html,0.9999144201192722,20151226103149
"http://www.latimes.com/news/science/la-sci-fossils18-2009feb18,0,7775847.story","http://web.archive.org/web/20090309104554/http://www.latimes.com:80/news/science/la-sci-fossils18-2009feb18,0,7775847.story",0.9865401499460351,20090309104554
"http://www.oaklandtribune.com/Stories/0,1413,82~1865~2095811,00.html","http://web.archive.org/web/20050812082437/http://www.oaklandtribune.com:80/Stories/0,1413,82~1865~2095811,00.html",0.0,20050510074038
http://news.cnet.com/why-obama-should-ditch-youtube/,http://web.archive.org/web/20140310231006/http://news.cnet.com/why-obama-should-ditch-youtube/,0.9997653747984663,20140310231006
"http://books.guardian.co.uk/news/articles/0,6109,1183359,00.html","http://web.archive.org/web/20071209023209/http://books.guardian.co.uk:80/news/articles/0,6109,1183359,00.html",0.8707640912335002,20071209023209
http://www.msnbc.msn.com/id/29733519/,http://web.archive.org/web/20121025231855/http://www.msnbc.msn.com/id/29733519/,0.0,20110512032343
http://www.news.com/,http://web.archive.org/web/20081120070207/http://www.news.com./,0,20080509005612
http://www.wi-fiplanet.com/news/article.php/3428821,http://web.archive.org/web/20100113142952/http://wi-fiplanet.com/news/article.php/3428821,0.0,20051119095733
http://www.huffingtonpost.com/bruce-kushnick/alec-your-communications-_b_3287860.html,http://web.archive.org/web/20181209152355/https://www.huffingtonpost.com/bruce-kushnick/alec-your-communications-_b_3287860.html,1.0000000000000004,20170219093249
http://www.eff.org/IP/Video/MPAA_DVD_cases/,http://web.archive.org/web/20071010045526/http://www.eff.org:80/IP/Video/MPAA_DVD_cases/,0.6446360314191361,20071010045526
http://www.computerworld.com/s/article/9136053/Details_on_presidential_motorcades_safe_house_for_First_Family_leak_via_P2P?taxonomyId=1,http://web.archive.org/web/20130527102140/http://www.computerworld.com/s/article/9136053/Details_on_presidential_motorcades_safe_house_for_First_Family_leak_via_P2P?taxonomyId=1,0.9280700214764553,20090802094648
http://www.computerhistory.org/ibms360_04072004/,http://web.archive.org/web/20080720140930/http://www.computerhistory.org/ibms360_04072004/,0.0,20080720140930
http://www.schneier.com/essay-279.html,http://web.archive.org/web/20120729080755/http://www.schneier.com/essay-279.html,0.9942386910603641,20120729080755
http://oreillynet.com/pub/wlg/5422,http://web.archive.org/web/20081006224730/http://oreillynet.com/pub/wlg/5422,0.0,20051212201324
http://enigmail.mozdev.org/,http://web.archive.org/web/20190521032031/http://enigmail.mozdev.org,0.3900082705552451,20070904183748
http://news.com.com/2100-1026-5330698.html,http://web.archive.org/web/20090109011802/http://news.com.com/2100-1026-5330698.html,0.44679426413073425,20090109011802
http://blog.streamingmedia.com/2014/11/cogent-disregards-fcc-rules.html,http://web.archive.org/web/20170606030259/http://blog.streamingmedia.com/2014/11/cogent-disregards-fcc-rules.html,0.44945774082956,20170606030259
http://www.hslda.org/legislation/national/2003/s89/default.asp,http://web.archive.org/web/20170928130825/https://www.hslda.org/Legislation/National/2003/S89/default.asp,1.0000000000000004,20141228121247
http://www.reuters.com/article/technologyNews/idUSTRE54322V20090504,http://web.archive.org/web/20090830170946/http://www.reuters.com:80/article/technologyNews/idUSTRE54322V20090504,0.9877309448048246,20090830170946
http://www.pnas.org/cgi/content/abstract/102/41/14497,http://web.archive.org/web/20080726103228/http://www.pnas.org/cgi/content/abstract/102/41/14497,0.8679826418563643,20080513184351
http://www.thebaffler.com/past/of_flying_cars/print,http://web.archive.org/web/20140716002123/http://www.thebaffler.com/past/of_flying_cars/print,0.0,20121015072417
https://www.scmp.com/south-china-sea,http://web.archive.org/web/20180920072041/https://www.scmp.com/south-china-sea,0.3082539733235396,20180920072041
http://www.nytimes.com/2004/11/10/education/10college.html,http://web.archive.org/web/20150528043406/http://www.nytimes.com/2004/11/10/education/10college.html,0.9965688024069608,20150528043406
https://blog.torproject.org/blog/tor-security-advisory-relay-early-traffic-confirmation-attack,http://web.archive.org/web/20170905052654/https://blog.torproject.org/blog/tor-security-advisory-relay-early-traffic-confirmation-attack,0.9954334243374593,20170905052654
http://news.com.com/2100-1029-5295661.html,http://web.archive.org/web/20060613210628/http://news.com.com:80/2100-1029-5295661.html,0.4392187650689207,20051211190930
http://www.technorati.com/tag/Music,http://web.archive.org/web/20180925123248/http://www.technorati.com/tag/music,0.0,20131014020839
"http://www.latimes.com/news/local/la-et-tivo17nov17,0,927837.story","http://web.archive.org/web/20050518232508/http://www.latimes.com:80/news/local/la-et-tivo17nov17,0,927837.story",0.9826006790952575,20041129022919
http://www.nybooks.com/blogs/gallery/2014/feb/07/power-privacy-and-internet-conference/,http://web.archive.org/web/20150827023227/http://www.nybooks.com:80/blogs/gallery/2014/feb/07/power-privacy-and-internet-conference/,1.0,20150527051321
http://www.netindex.com/download/,http://web.archive.org/web/20150702005913/http://www.netindex.com/download/,0.13115017240489948,20150702005913
http://topics.nytimes.com/top/reference/timestopics/people/b/george_w_bush/index.html?inline=nyt-per,http://web.archive.org/web/20151022040551/http://topics.nytimes.com:80/top/reference/timestopics/people/b/george_w_bush/index.html?inline=nyt-per,0.0,20140821235246
http://www.alternet.org/story/20666/,http://web.archive.org/web/20110826185108/http://www.alternet.org:80/story/20666/,0.388863158392391,20061206044522
http://www.thedailybell.com/news-analysis/not-all-teens-are-begging-for-their-rights-to-be-taken/,http://web.archive.org/web/20180507132526/http://www.thedailybell.com:80/news-analysis/not-all-teens-are-begging-for-their-rights-to-be-taken/,0.9999999999999706,20180507132526
http://www.talkingpointsmemo.com/archives/2009/03/on_second_thought.php,http://web.archive.org/web/20091022070002/http://www.talkingpointsmemo.com/archives/2009/03/on_second_thought.php,0.8673343502364522,20090405061123
http://blogs.scientificamerican.com/cross-check/2013/05/22/why-you-should-care-about-pentagon-funding-of-obamas-brain-initiative/,http://web.archive.org/web/20150330003712/http://blogs.scientificamerican.com/cross-check/2013/05/22/why-you-should-care-about-pentagon-funding-of-obamas-brain-initiative/,0.9807455499618742,20150330003712
http://blogs.scientificamerican.com/cross-check/2014/08/12/war-is-our-most-urgent-problem-lets-solve-it/,http://web.archive.org/web/20150509160602/http://blogs.scientificamerican.com/cross-check/2014/08/12/war-is-our-most-urgent-problem-lets-solve-it/,0.913137715600996,20150317005103
http://sploid.gizmodo.com/dubai-had-the-worlds-largest-fireworks-show-and-it-was-1493421201/@caseychan,http://web.archive.org/web/20140206051215/http://sploid.gizmodo.com:80/dubai-had-the-worlds-largest-fireworks-show-and-it-was-1493421201/@caseychan,0.9999999999999996,20140206051215
http://news.com.com/2100-7352-5258809.html,http://web.archive.org/web/20081122133114/http://news.com.com/2100-7352-5258809.html,0.4035659069890027,20081122133114
http://www.infoworld.com/t/cringely/google-evil-you-have-no-idea-238288,http://web.archive.org/web/20140906055041/http://www.infoworld.com:80/t/cringely/google-evil-you-have-no-idea-238288,0.9832542507549377,20140719151753
http://blog.comcast.com/2009/12/comcast-data-usage-meter-launches.html,http://web.archive.org/web/20120428023417/http://blog.comcast.com:80/2009/12/comcast-data-usage-meter-launches.html,0.7472392024350756,20110925193126
https://www.aclu.org/blog/national-security/new-documents-shed-light-one-nsas-most-powerful-tools,http://web.archive.org/web/20180727203423/https://www.aclu.org/blog/national-security/new-documents-shed-light-one-nsas-most-powerful-tools,1.0000000000000009,20180727203423
http://gizmodo.com/5356955/its-about-time-britains-prime-minister-apologizes-to-alan-turing,http://web.archive.org/web/20171214180732/https://gizmodo.com/5356955/its-about-time-britains-prime-minister-apologizes-to-alan-turing,1.0000000000000009,20171214180732
http://www.americanprogress.org/issues/2009/02/wired_for_progress.html,http://web.archive.org/web/20111218165321/http://www.americanprogress.org/issues/2009/02/wired_for_progress.html/,1.0,20090326184009
http://www.billboard.com/biz/articles/news/legal-and-management/6229251/sony-twitter-bomb-threat-hackers-playstation-service,http://web.archive.org/web/20161211053212/http://www.billboard.com:80/biz/articles/news/legal-and-management/6229251/sony-twitter-bomb-threat-hackers-playstation-service,0.9959694422308352,20161211053212
http://forums.verizon.com/t5/Terms-of-Service-and-User/Verizon-Community-Terms-of-Service/td-p/2,http://web.archive.org/web/20091004193727/http://forums.verizon.com:80/t5/Terms-of-Service-and-User/Verizon-Community-Terms-of-Service/td-p/2,0.0,20091004193727
